{
  "project_info": {
    "project_number": "517446296797",
    "project_id": "irtibat-b39a1",
    "storage_bucket": "irtibat-b39a1.appspot.com"
  },
  "client": [
    {
      "client_info": {
        "mobilesdk_app_id": "1:517446296797:android:c965232e9b9d602cd4a734",
        "android_client_info": {
          "package_name": "com.example.irtibat"
        }
      },
      "oauth_client": [
        {
          "client_id": "517446296797-bd7i2lpi3nk8soqstd369s171df1cp3k.apps.googleusercontent.com",
          "client_type": 3
        }
      ],
      "api_key": [
        {
          "current_key": "AIzaSyBhrn2lwbH2YAzizVOwCuhg1FUcG7OqCnU"
        }
      ],
      "services": {
        "appinvite_service": {
          "other_platform_oauth_client": [
            {
              "client_id": "517446296797-bd7i2lpi3nk8soqstd369s171df1cp3k.apps.googleusercontent.com",
              "client_type": 3
            }
          ]
        }
      }
    }
  ],
  "configuration_version": "1"
}